trial,optimizer,learning_rate,dropout_rate,unfreeze_layers,train_accuracy,train_f1_score,val_accuracy,val_f1_score,test_accuracy,test_f1_score
Trial_38_RMSPROP_LR_0.001_DO_0.2_UF_10,rmsprop,0.001,0.2,10,0.99824,0.9982356765782647,0.9776161163961947,0.9774714554791688,0.9753914988814317,0.9751948527945973
Trial_10_ADAM_LR_0.001_DO_0.5_UF_10,adam,0.001,0.5,10,0.99744,0.997434073510844,0.9731393396754336,0.9730204967541863,0.9653243847874721,0.9651283736721059
Trial_7_ADAM_LR_0.001_DO_0.3_UF_20,adam,0.001,0.3,20,0.9968,0.9967892445577887,0.9709009513150532,0.9703139515231919,0.9675615212527964,0.9669369523278172
Trial_2_ADAM_LR_0.001_DO_0.2_UF_10,adam,0.001,0.2,10,0.99776,0.9977530440439659,0.9692221600447678,0.9689472338780565,0.9653243847874721,0.9648408686325104
Trial_39_RMSPROP_LR_0.001_DO_0.2_UF_20,rmsprop,0.001,0.2,20,0.99184,0.9918045114913877,0.9647453833240067,0.9640553666188163,0.9608501118568232,0.9602899112092705
Trial_56_RMSPROP_LR_0.0001_DO_0.3_UF_40,rmsprop,0.0001,0.3,40,0.98416,0.983997138232365,0.9602686066032456,0.9594463492929006,0.9541387024608501,0.9533232470511462
Trial_6_ADAM_LR_0.001_DO_0.3_UF_10,adam,0.001,0.3,10,0.99312,0.9931158496676441,0.9591494124230554,0.958497487846413,0.9541387024608501,0.9533541922398862
Trial_42_RMSPROP_LR_0.001_DO_0.3_UF_10,rmsprop,0.001,0.3,10,0.99168,0.9916540859214465,0.9585898153329603,0.9581797108245389,0.9574944071588367,0.9565840560594926
Trial_37_RMSPROP_LR_0.001_DO_0.2_UF_0,rmsprop,0.001,0.2,0,0.97472,0.974728952539755,0.9580302182428652,0.9580339826305768,0.9474272930648769,0.9476025835670016
Trial_43_RMSPROP_LR_0.001_DO_0.3_UF_20,rmsprop,0.001,0.3,20,0.98352,0.9831844512739808,0.9563514269725797,0.954864622591068,0.9519015659955258,0.9493984189727038
Trial_48_RMSPROP_LR_0.001_DO_0.5_UF_40,rmsprop,0.001,0.5,40,0.97296,0.9728012267057748,0.9546726357022943,0.9543586047880543,0.9440715883668904,0.9440556038240064
Trial_1_ADAM_LR_0.001_DO_0.2_UF_0,adam,0.001,0.2,0,0.9696,0.9696247829479577,0.9546726357022943,0.9546728513430739,0.9552572706935123,0.9554246796378971
Trial_41_RMSPROP_LR_0.001_DO_0.3_UF_0,rmsprop,0.001,0.3,0,0.97008,0.9700808665884285,0.9541130386121992,0.9542145643520865,0.9552572706935123,0.9554348382345063
Trial_47_RMSPROP_LR_0.001_DO_0.5_UF_20,rmsprop,0.001,0.5,20,0.98272,0.9823522683918042,0.9535534415221041,0.9518298973061352,0.9530201342281879,0.9519862913238945
Trial_5_ADAM_LR_0.001_DO_0.3_UF_0,adam,0.001,0.3,0,0.96656,0.9665940670800276,0.9524342473419138,0.9524436071954078,0.9485458612975392,0.9488358317505547
Trial_11_ADAM_LR_0.001_DO_0.5_UF_20,adam,0.001,0.5,20,0.97792,0.9771711008365458,0.9518746502518187,0.9489443146509863,0.9384787472035794,0.9337431436257555
Trial_4_ADAM_LR_0.001_DO_0.2_UF_40,adam,0.001,0.2,40,0.96928,0.9690477767546506,0.9501958589815332,0.9496819611162723,0.9463087248322147,0.945454225614614
Trial_3_ADAM_LR_0.001_DO_0.2_UF_20,adam,0.001,0.2,20,0.98032,0.9799799918827868,0.9496362618914381,0.9477399838335263,0.9373601789709173,0.9339231095761696
Trial_45_RMSPROP_LR_0.001_DO_0.5_UF_0,rmsprop,0.001,0.5,0,0.95776,0.9578288056350148,0.9457190822607723,0.9457928998991811,0.9507829977628636,0.9510433618097385
Trial_40_RMSPROP_LR_0.001_DO_0.2_UF_40,rmsprop,0.001,0.2,40,0.96624,0.9663442108734246,0.9451594851706772,0.9450366724930394,0.9407158836689038,0.940725500311463
Trial_46_RMSPROP_LR_0.001_DO_0.5_UF_10,rmsprop,0.001,0.5,10,0.9792,0.9790966179433171,0.9434806939003917,0.9432541726112186,0.9328859060402684,0.9328249914885972
Trial_54_RMSPROP_LR_0.0001_DO_0.3_UF_10,rmsprop,0.0001,0.3,10,0.96096,0.9605145587154656,0.9406827084499161,0.9402987309294221,0.930648769574944,0.9302012752688521
Trial_50_RMSPROP_LR_0.0001_DO_0.2_UF_10,rmsprop,0.0001,0.2,10,0.96496,0.9643598365706978,0.9395635142697258,0.9387169608624906,0.9317673378076062,0.9304276623955127
Trial_9_ADAM_LR_0.001_DO_0.5_UF_0,adam,0.001,0.5,0,0.95696,0.9569872276857744,0.9384443200895355,0.9384913470971675,0.9440715883668904,0.9442469869087262
Trial_20_ADAM_LR_0.0001_DO_0.3_UF_40,adam,0.0001,0.3,40,0.97024,0.9692864946489933,0.9384443200895355,0.9371139488972571,0.9295302013422819,0.927543100558404
Trial_14_ADAM_LR_0.0001_DO_0.2_UF_10,adam,0.0001,0.2,10,0.95856,0.9579422227265805,0.9356463346390599,0.9349027523963606,0.9261744966442953,0.9248495865842501
Trial_51_RMSPROP_LR_0.0001_DO_0.2_UF_20,rmsprop,0.0001,0.2,20,0.96064,0.9589898787297618,0.9350867375489648,0.932924322736125,0.9328859060402684,0.9304860833073807
Trial_60_RMSPROP_LR_0.0001_DO_0.5_UF_40,rmsprop,0.0001,0.5,40,0.9592,0.9572814219208078,0.9317291550083939,0.9284747211919958,0.930648769574944,0.9269349524540512
Trial_52_RMSPROP_LR_0.0001_DO_0.2_UF_40,rmsprop,0.0001,0.2,40,0.9648,0.9632926071667532,0.9300503637381086,0.9277319684742563,0.9272930648769575,0.924530299035334
Trial_18_ADAM_LR_0.0001_DO_0.3_UF_10,adam,0.0001,0.3,10,0.95264,0.9516321202949017,0.9283715724678232,0.9270059468979225,0.9261744966442953,0.9245839841173626
Trial_8_ADAM_LR_0.001_DO_0.3_UF_40,adam,0.001,0.3,40,0.94496,0.9447973606875455,0.9238947957470621,0.9233583107351692,0.9284116331096197,0.9279731685273636
Trial_55_RMSPROP_LR_0.0001_DO_0.3_UF_20,rmsprop,0.0001,0.3,20,0.94768,0.9451111817667348,0.9222160044767768,0.9189178929986968,0.9183445190156599,0.9150290482270432
Trial_58_RMSPROP_LR_0.0001_DO_0.5_UF_10,rmsprop,0.0001,0.5,10,0.94496,0.9438921561436758,0.9222160044767768,0.9207623808323315,0.9138702460850112,0.912298955953772
Trial_16_ADAM_LR_0.0001_DO_0.2_UF_40,adam,0.0001,0.2,40,0.94912,0.9457248297687177,0.9160604364857303,0.9114962016337614,0.9105145413870246,0.9066574878441365
Trial_59_RMSPROP_LR_0.0001_DO_0.5_UF_20,rmsprop,0.0001,0.5,20,0.93712,0.9341756527787519,0.9143816452154448,0.9107296079725102,0.912751677852349,0.9085939931781696
Trial_44_RMSPROP_LR_0.001_DO_0.3_UF_40,rmsprop,0.001,0.3,40,0.93472,0.9347518389144589,0.9127028539451595,0.9130425349561988,0.9116331096196868,0.9116803199071636
Trial_68_RMSPROP_LR_5e-05_DO_0.3_UF_40,rmsprop,5e-05,0.3,40,0.93424,0.9283137569416197,0.9099048684946839,0.9037601181447392,0.9004474272930649,0.8929703383609171
Trial_15_ADAM_LR_0.0001_DO_0.2_UF_20,adam,0.0001,0.2,20,0.94944,0.9474620382459006,0.9099048684946839,0.9053514485405586,0.9217002237136466,0.9183607771174922
Trial_24_ADAM_LR_0.0001_DO_0.5_UF_40,adam,0.0001,0.5,40,0.93856,0.935653380519991,0.9076664801343033,0.9030701361937322,0.9026845637583892,0.8982113213809326
Trial_22_ADAM_LR_0.0001_DO_0.5_UF_10,adam,0.0001,0.5,10,0.92832,0.9258351777806606,0.9037493005036373,0.9014007818704122,0.912751677852349,0.9089775249467615
Trial_36_ADAM_LR_5e-05_DO_0.5_UF_40,adam,5e-05,0.5,40,0.9248,0.92233794229577,0.902070509233352,0.8987293694989497,0.9038031319910514,0.899937147120909
Trial_19_ADAM_LR_0.0001_DO_0.3_UF_20,adam,0.0001,0.3,20,0.9312,0.9251148669798058,0.9003917179630666,0.8914470964440763,0.8982102908277405,0.8899452976437655
Trial_28_ADAM_LR_5e-05_DO_0.2_UF_40,adam,5e-05,0.2,40,0.92288,0.9176308085154306,0.8987129266927812,0.8927351680523818,0.8982102908277405,0.8931496635493745
Trial_23_ADAM_LR_0.0001_DO_0.5_UF_20,adam,0.0001,0.5,20,0.91632,0.910068386591788,0.8964745383324007,0.8895797162941705,0.9082774049217002,0.9022082725941923
Trial_72_RMSPROP_LR_5e-05_DO_0.5_UF_40,rmsprop,5e-05,0.5,40,0.92384,0.9213333962387801,0.8959149412423055,0.8933497804264119,0.8914988814317674,0.8877957483792048
Trial_32_ADAM_LR_5e-05_DO_0.3_UF_40,adam,5e-05,0.3,40,0.91472,0.909131377562418,0.8919977616116396,0.8848651469368785,0.8937360178970917,0.8887649030346307
Trial_31_ADAM_LR_5e-05_DO_0.3_UF_20,adam,5e-05,0.3,20,0.90864,0.9039377241410079,0.8914381645215445,0.88653393169644,0.8847874720357942,0.8805342026149272
Trial_63_RMSPROP_LR_5e-05_DO_0.2_UF_20,rmsprop,5e-05,0.2,20,0.91648,0.9112841453060314,0.889199776161164,0.8812165690155502,0.8847874720357942,0.8778228526497407
Trial_62_RMSPROP_LR_5e-05_DO_0.2_UF_10,rmsprop,5e-05,0.2,10,0.91888,0.9164724641726419,0.889199776161164,0.886245855393318,0.8970917225950783,0.8947407978039544
Trial_64_RMSPROP_LR_5e-05_DO_0.2_UF_40,rmsprop,5e-05,0.2,40,0.91888,0.9142409567410879,0.8864017907106883,0.881312975221535,0.8814317673378076,0.8764012617664947
Trial_66_RMSPROP_LR_5e-05_DO_0.3_UF_10,rmsprop,5e-05,0.3,10,0.91376,0.9103955964498702,0.8830442081701175,0.8786181438494624,0.8926174496644296,0.88911935238434
Trial_27_ADAM_LR_5e-05_DO_0.2_UF_20,adam,5e-05,0.2,20,0.9096,0.9043395540195263,0.8824846110800224,0.8758673778825135,0.8780760626398211,0.8714255544789272
Trial_26_ADAM_LR_5e-05_DO_0.2_UF_10,adam,5e-05,0.2,10,0.89328,0.8880962259366166,0.8808058198097369,0.876929503729772,0.8780760626398211,0.8732532640160583
Trial_67_RMSPROP_LR_5e-05_DO_0.3_UF_20,rmsprop,5e-05,0.3,20,0.90992,0.9064052565115154,0.8791270285394516,0.8738188880257738,0.9004474272930649,0.8974700880821243
Trial_12_ADAM_LR_0.001_DO_0.5_UF_40,adam,0.001,0.5,40,0.90448,0.9062862618501675,0.8690542809177392,0.8715245270105442,0.8747203579418344,0.8767765631155167
Trial_30_ADAM_LR_5e-05_DO_0.3_UF_10,adam,5e-05,0.3,10,0.89328,0.8899573748287777,0.868494683827644,0.8649069195621034,0.8691275167785235,0.8659520557508412
Trial_35_ADAM_LR_5e-05_DO_0.5_UF_20,adam,5e-05,0.5,20,0.8832,0.8771112735071487,0.8662562954672636,0.8599529471104992,0.8624161073825504,0.8541869486623985
Trial_71_RMSPROP_LR_5e-05_DO_0.5_UF_20,rmsprop,5e-05,0.5,20,0.89568,0.8912644961596762,0.859541130386122,0.854277201804314,0.87248322147651,0.8678835216063286
Trial_34_ADAM_LR_5e-05_DO_0.5_UF_10,adam,5e-05,0.5,10,0.87072,0.8655277733960314,0.8550643536653609,0.8509854743783076,0.8557046979865772,0.8503294137627552
Trial_70_RMSPROP_LR_5e-05_DO_0.5_UF_10,rmsprop,5e-05,0.5,10,0.87744,0.8743135637153421,0.8533855623950756,0.8499395659739897,0.8557046979865772,0.8506039704866655
Trial_53_RMSPROP_LR_0.0001_DO_0.3_UF_0,rmsprop,0.0001,0.3,0,0.8168,0.8153143571430876,0.8270844991606043,0.8254175677060548,0.8221476510067114,0.8201236836263812
Trial_49_RMSPROP_LR_0.0001_DO_0.2_UF_0,rmsprop,0.0001,0.2,0,0.81664,0.8152896770924408,0.8080581980973699,0.806674887144601,0.8053691275167785,0.8039401803730394
Trial_17_ADAM_LR_0.0001_DO_0.3_UF_0,adam,0.0001,0.3,0,0.8088,0.8062817432944669,0.8063794068270845,0.803747727322095,0.814317673378076,0.8132144323355375
Trial_13_ADAM_LR_0.0001_DO_0.2_UF_0,adam,0.0001,0.2,0,0.7976,0.7945531529591932,0.7918298824846111,0.7910769562818533,0.802013422818792,0.7996540838861683
Trial_57_RMSPROP_LR_0.0001_DO_0.5_UF_0,rmsprop,0.0001,0.5,0,0.77648,0.7707870889723974,0.7660884163402351,0.7573514953556191,0.785234899328859,0.7811198203569494
Trial_21_ADAM_LR_0.0001_DO_0.5_UF_0,adam,0.0001,0.5,0,0.75968,0.7540857695222839,0.7632904308897593,0.7577566952796324,0.756152125279642,0.75119691026948
Trial_61_RMSPROP_LR_5e-05_DO_0.2_UF_0,rmsprop,5e-05,0.2,0,0.6808,0.6756574277936224,0.6866256295467263,0.6790579810701554,0.6577181208053692,0.6543354245201131
Trial_25_ADAM_LR_5e-05_DO_0.2_UF_0,adam,5e-05,0.2,0,0.68784,0.6760322809032852,0.6866256295467263,0.675042899470194,0.697986577181208,0.6890735857671583
Trial_65_RMSPROP_LR_5e-05_DO_0.3_UF_0,rmsprop,5e-05,0.3,0,0.68368,0.6750236266634964,0.6827084499160604,0.6725873095666408,0.6812080536912751,0.6698147225534247
Trial_29_ADAM_LR_5e-05_DO_0.3_UF_0,adam,5e-05,0.3,0,0.66512,0.6586416587564887,0.6536094012311136,0.6471505653066657,0.6621923937360179,0.6578329840805646
Trial_33_ADAM_LR_5e-05_DO_0.5_UF_0,adam,5e-05,0.5,0,0.62256,0.6176765638984619,0.6289871292669278,0.6224546680313117,0.6241610738255033,0.6173637229799612
Trial_69_RMSPROP_LR_5e-05_DO_0.5_UF_0,rmsprop,5e-05,0.5,0,0.62128,0.6130891872419504,0.6105204252937885,0.5998997077215816,0.6017897091722595,0.5903301939797794
