              precision,        recall, f1-score,     support
HDPE Plastic,0.9937050359712231,1.0,0.9968425800631484,1105.0
LDPE Plastic,0.9981290926099158,1.0,0.9990636704119851,1067.0
PET Plastic,0.9991721854304636,1.0,0.9995859213250518,1207.0
PP Plastic, 1.0,1.0,1.0,1097.0
PS Plastic,0.9990029910269193,1.0,0.9995012468827931,1002.0
Unknown,1.0,0.9857512953367875,0.9928245270711024,772.0
accuracy,0.99824,0.99824,0.99824,0.99824
macro avg,0.998334884173087,0.9976252158894646,0.99796965762568,6250.0
weighted avg,0.9982479410218439,0.99824,0.9982356765782647,6250.0
